Depth.m,Gamma.gAPI,Perm.mD,Porosity.m3/m3,Resistivity.ohm.m,Lithology
1925.3362,78.64306641,0.001016656,0.00173704,1.221142411,0
1925.8362,74.57785034,0.001090284,0.00176716,1.352298856,0
1926.3362,72.15753937,0.001337841,0.00178592,1.989355087,0
1926.8362,70.53860474,0.001670132,0.00179174,3.078198433,0
1927.3362,70.90517426,0.001559858,0.00178385,2.711324692,0
1927.8362,72.23905945,0.00123397,0.00176637,1.73392117,0
1928.3362,74.66770935,0.001114841,0.00174133,1.460451603,0
1928.8362,77.62971497,0.001096442,0.00172394,1.44418323,0
1929.3362,78.41043091,0.000880929,0.00172162,0.935018301,0
1929.8362,78.12844849,0.000569386,0.0017208,0.391026348,0
1930.3362,78.58811188,0.000451914,0.00171486,0.248203769,0
1930.8362,79.40908814,0.000428992,0.00170448,0.226671144,0
1931.3362,80.82258606,0.000381624,0.00169,0.182776094,0
1931.8362,82.52475739,0.000322345,0.00167802,0.132460892,0
1932.3362,83.4006424,0.000278874,0.00167175,0.0999626,0
1932.8362,83.87395477,0.000243103,0.0016812,0.07502725,0
1933.3362,81.3682251,0.00037528,0.00171122,0.171964318,0
1933.8362,77.41114044,0.000589279,0.00174614,0.405571789,0
1934.3362,73.85030365,0.0007029,0.00177832,0.554325283,0
1934.8362,70.48251343,0.000767617,0.00178773,0.653469503,0
1935.3362,71.82387543,0.000787636,0.00176462,0.707975268,0
1935.8362,75.45949554,0.000785877,0.00172788,0.738208592,0
1936.3362,79.73160553,0.000650296,0.00168676,0.532971799,0
1936.8362,84.31381989,0.000449518,0.00165749,0.264667779,0
1937.3362,86.03357697,0.000509807,0.00164799,0.344756007,0
1937.8362,86.35877228,0.000697286,0.00167378,0.623283386,0
1938.3362,80.48201752,0.001361981,0.0017424,2.176791668,0
1938.8362,71.58376312,0.00225917,0.00181075,5.503120899,2
1939.3362,65.7665863,0.003730717,0.00185782,14.18327808,2
1939.8362,61.45048523,0.005482084,0.0018845,29.67972755,2
1940.3362,60.02178192,0.005884911,0.00189124,33.93416596,2
1940.8362,59.99978638,0.005630745,0.00187547,31.64385796,2
1941.3362,63.41716766,0.004933884,0.00183595,25.46149826,2
1941.8362,68.51017761,0.004021347,0.00180245,17.61343384,2
1942.3362,70.62966919,0.002558647,0.00178948,7.244720936,2
1942.8362,71.30049896,0.000827914,0.00178122,0.766287506,0
1943.3362,72.40729523,0.000265804,0.00176996,0.08009468,0
1943.8362,73.72648621,0.000273033,0.00175563,0.086035654,0
1944.3362,75.49181366,0.000258924,0.00173822,0.079088531,0
1944.8362,77.47450256,0.000234418,0.00172235,0.066147931,0
1945.3362,78.91018677,0.000217288,0.00171025,0.057721976,0
1945.8362,80.07936859,0.000203751,0.00171613,0.050372042,0
1946.3362,77.64256287,0.000335915,0.00174693,0.131659895,0
1946.8362,73.44897461,0.000539064,0.00179945,0.317667127,0
1947.3362,66.33512116,0.000948373,0.00187214,0.901185334,1
1947.8362,57.7985611,0.001458122,0.00194555,1.957466245,0
1948.3362,50.53081131,0.001944495,0.0020102,3.23956871,0
1948.8362,43.8812027,0.002419479,0.00205838,4.760884285,2
1949.3362,40.15799332,0.002497482,0.00208634,4.924446583,2
1949.8362,37.86048889,0.002382079,0.00208582,4.482325554,2
1950.3362,40.27025223,0.002105621,0.00205278,3.627495527,0
1950.8362,44.9733429,0.001750697,0.00200924,2.628766775,0
1951.3362,49.64312363,0.001313362,0.00196594,1.55208087,0
1951.8362,54.29667664,0.000835877,0.00192515,0.658358693,0
1952.3362,58.42483521,0.000789463,0.00188799,0.613005996,1
1952.8362,62.2970314,0.000953063,0.00187349,0.908677757,1
1953.3362,61.54614258,0.001220408,0.00189093,1.459902406,1
1953.8362,58.54294205,0.001538296,0.00191168,2.264468432,1
1954.3362,57.08003235,0.002801877,0.00192178,7.425919533,2
1954.8362,56.36753082,0.00452619,0.00192846,19.23101044,2
1955.3362,55.6413269,0.004917149,0.00193524,22.52216721,2
1955.8362,54.90844727,0.004658517,0.00192599,20.42944145,2
1956.3362,57.63320541,0.004273344,0.00189285,17.85994721,2
1956.8362,62.04248047,0.003826522,0.00185962,14.88932896,1
1957.3362,64.78813171,0.002645806,0.00183788,7.30496788,1
1957.8362,66.72328949,0.001107547,0.00182343,1.302470446,1
1958.3362,67.89823151,0.000713338,0.00181424,0.546338439,1
1958.8362,68.70278931,0.000876497,0.00181243,0.826657653,0
1959.3362,68.28672791,0.001563448,0.00181906,2.609176159,0
1959.8362,67.27598572,0.002505584,0.00151664,9.997157097,1
1960.3362,68.25008392,0.002697952,0.0010531,25.86040115,2
1960.8362,70.19116974,0.002525041,0.00088212,33.44845581,2
1961.3362,73.3236084,0.002372336,0.00085032,32.00892639,2
1961.8362,77.03646088,0.002229474,0.00081942,30.66835785,2
1962.3362,79.97662354,0.001641632,0.00079386,17.8285141,2
1962.8362,82.54034424,0.000837001,0.00078112,4.802564621,2
1963.3362,82.71841431,0.000578537,0.00078487,2.270426035,0
1963.8362,81.73422241,0.000586159,0.00079367,2.274166346,0
1964.3362,80.82348633,0.000577748,0.00080197,2.159382582,0
1964.8362,79.9485321,0.000561528,0.00080595,2.017738819,0
1965.3362,79.96552277,0.000471742,0.00080378,1.432539463,0
1965.8362,80.41706085,0.000346115,0.0007996,0.780046821,0
1966.3362,80.86386108,0.000314029,0.00079545,0.649517298,0
1966.8362,81.30835724,0.000327515,0.00078245,0.73258239,0
1967.3362,83.66299439,0.000376511,0.00075626,1.043466568,0
1967.8362,86.94822693,0.000442808,0.00072694,1.574466705,0
1968.3362,89.97718048,0.000423247,0.00069938,1.566095233,0
1968.8362,92.88127899,0.000361857,0.00067084,1.254618287,0
1969.3362,96.12236023,0.000326358,0.00063996,1.132012844,0
1969.8362,99.52761841,0.000303472,0.00063139,1.008285046,1
1970.3362,97.96763611,0.00041248,0.00065712,1.70603323,0
1970.8362,93.98864746,0.000585744,0.00069644,3.027415514,0
1971.3362,89.5030365,0.000707847,0.00073925,3.877379656,0
1971.8362,84.77061462,0.000805025,0.00078393,4.407670498,2
1972.3362,79.88169861,0.000817996,0.00082971,4.016649723,0
1972.8362,74.91654968,0.000789941,0.00086258,3.438983202,0
1973.3362,72.80531311,0.00063091,0.00087573,2.121878862,0
1973.8362,72.08447266,0.000408071,0.00087318,0.893392146,0
1974.3362,73.35417938,0.000295874,0.00085688,0.489542753,0
1974.8362,75.59366608,0.000237583,0.00083274,0.336130559,0
1975.3362,78.5508194,0.000205981,0.00080365,0.273215741,0
1975.8362,81.85761261,0.000187382,0.00077924,0.241979942,0
1976.3362,83.80623627,0.000187176,0.00076421,0.252018064,0
1976.8362,85.0931778,0.00019593,0.00076279,0.277275711,0
1977.3362,84.11431885,0.000215767,0.000777,0.322881371,0
1977.8362,82.03159332,0.000241003,0.00080353,0.374143869,0
1978.3362,78.40176392,0.00038969,0.00084075,0.885466278,0
1978.8362,74.01819611,0.000598522,0.00087546,1.910911918,0
1979.3362,70.93130493,0.001710018,0.0009012,14.63506317,2
1979.8362,68.47613525,0.00326128,0.00092168,50.66403961,2
1980.3362,66.51950073,0.003743673,0.00093873,64.12187195,2
1980.8362,64.80574799,0.003705325,0.00094489,61.91756821,2
1981.3362,65.19451904,0.003576037,0.00093653,58.81069946,2
1981.8362,66.60762024,0.003402444,0.00091767,55.67646408,2
1982.3362,69.25395966,0.002304673,0.0008903,27.30477142,2
1982.8362,72.50110626,0.000756653,0.00086904,3.103891134,0
1983.3362,73.83158112,0.000273589,0.00086102,0.414158434,0
1983.8362,74.22827911,0.000309356,0.00086737,0.521037102,0
1984.3362,72.46263123,0.000967667,0.00088867,4.833067894,2
1984.8362,69.6435318,0.001929273,0.00092432,17.61887932,2
1985.3362,64.78650665,0.005382911,0.00097405,122.2237473,1
1985.8362,58.93661881,0.010050637,0.00101669,387.7684021,1
1986.3362,55.60774994,0.011553368,0.00104191,485.501648,2
1986.8362,53.50708771,0.011514152,0.0010514,472.6878357,2
1987.3362,53.56253815,0.0109298,0.00104601,430.7700501,2
1987.8362,54.66841888,0.010079864,0.00103462,375.3110962,2
1988.3362,56.01519394,0.006857722,0.00102156,178.6402435,2
1988.8362,57.47932434,0.002479872,0.00100739,24.08926582,2
1989.3362,59.06719589,0.00106678,0.00099236,4.60763073,1
1989.8362,60.71534729,0.001098084,0.00097787,5.042579174,1
1990.3362,62.18601608,0.001137412,0.0009646,5.575344086,1
1990.8362,63.57022095,0.001180649,0.00095638,6.121453762,1
1991.3362,63.95757294,0.001043985,0.00095504,4.801107407,1
1991.8362,63.859272,0.000819676,0.00096071,2.921338081,1
1992.3362,62.73677063,0.000796368,0.00097346,2.678719759,1
1992.8362,61.11529923,0.000870984,0.00098558,3.118156672,1
1993.3362,60.1276741,0.000897066,0.00099332,3.251267195,1
1993.8362,59.44885635,0.000899503,0.0009936,3.266932011,1
1994.3362,60.06637192,0.000872847,0.00098492,3.136132002,1
1994.8362,61.31544876,0.000832017,0.000969,2.953602314,0
1995.3362,63.49434662,0.001082605,0.00094666,5.263967037,2
1995.8362,66.12624359,0.001475168,0.00091893,10.43426228,2
1996.3362,69.46264648,0.001696187,0.00088635,14.93537331,2
1996.8362,73.14227295,0.001833632,0.00083508,19.89859581,2
1997.3362,80.49960327,0.001829414,0.00075842,24.48061752,2
1997.8362,89.64866638,0.001756179,0.0006559,31.05235672,2
1998.3362,102.5694504,0.001379351,0.00052998,30.6181469,1
1998.8362,117.3277664,0.000854617,0.00051398,12.57365513,2
1999.3362,130.2835236,0.000461123,0.00049357,4.00190258,0
1999.8362,142.361084,0.000131568,0.00041115,0.486964762,0
2000.3362,149.8821106,1.83E-05,0.00027024,0.023781547,0
2000.8362,155.1832275,1.05E-05,7.07E-05,0.148143917,0
2001.3362,155.5575867,1.13E-05,0,-999.25,0
2001.8362,153.5316925,1.64E-05,0.00012905,0.096424229,0
2002.3362,151.1555939,2.06E-05,0.00022425,0.045198459,0
2002.8362,148.6088562,2.44E-05,0.00028137,0.038488023,0
2003.3362,147.1875763,2.61E-05,0.00028274,0.043515462,0
2003.8362,146.3145752,2.67E-05,0.00014042,0.213222936,0
2004.3362,145.6647339,2.47E-05,8.11E-05,0.607939541,0
2004.8362,145.1236267,2.13E-05,0.00018049,0.078191996,0
2005.3362,144.3101959,2.13E-05,0.00035666,0.017505672,0
2005.8362,143.36409,2.30E-05,0.00048192,0.010488452,0
2006.3362,141.4269867,2.22E-05,0.00043743,0.012090825,0
2006.8362,139.0070648,2.02E-05,0.00023912,0.037796043,0
2007.3362,137.5514526,2.20E-05,0.00023134,0.048227985,0
2007.8362,136.5656128,2.56E-05,0.00029558,0.03825447,0
2008.3362,136.1506043,2.36E-05,0.00026765,0.040173531,0
2008.8362,136.0136871,1.87E-05,0.00039019,0.011022995,0
2009.3362,136.3539429,1.83E-05,0.00043145,0.00846923,0
2009.8362,136.9266663,2.01E-05,0.00040159,0.011956722,0
2010.3362,136.7437897,1.85E-05,0.00049531,0.006421833,0
2010.8362,136.1928101,1.54E-05,0.00030029,0.013267873,0
2011.3362,136.4632874,1.59E-05,3.20E-05,1.952412725,0
2011.8362,137.1339569,1.82E-05,4.77E-05,1.069104075,0
2012.3362,138.6316834,1.95E-05,4.77E-05,1.21867919,0
2012.8362,140.5323639,2.02E-05,0,-999.25,0
2013.3362,142.4284821,2.25E-05,0,-999.25,0
2013.8362,144.3223724,2.57E-05,8.64E-05,0.574209154,0
2014.3362,144.470047,2.92E-05,0.00012731,0.315652311,0
2014.8362,143.7669525,3.28E-05,0.00015552,0.256807029,0
2015.3362,142.6440582,5.05E-05,0.00014143,0.74958688,0
2015.8362,141.3166351,7.50E-05,7.05E-05,7.665102005,2
2016.3362,140.9546051,8.44E-05,0.00024996,0.599455774,0
2016.8362,141.0628967,8.65E-05,0.00020627,0.96096462,0
2017.3362,142.163208,8.41E-05,4.93E-05,21.22022247,2
2017.8362,143.7468262,7.95E-05,0.00022886,0.645981014,0
2018.3362,144.7971649,6.11E-05,0.00036594,0.135666475,0
2018.8362,145.5877075,3.59E-05,0.00019084,0.196008027,0
2019.3362,145.2090454,2.88E-05,6.18E-05,1.509452939,0
2019.8362,144.2608032,3.06E-05,0.00023746,0.088168651,0
2020.3362,143.0682526,4.06E-05,0.0002025,0.220626682,0
2020.8362,141.7567139,5.47E-05,2.24E-05,50.86207581,2
2021.3362,140.9208527,5.78E-05,0,-999.25,0
2021.8362,140.3167419,5.57E-05,0.00011295,1.495853782,0
2022.3362,140.8206482,5.08E-05,0.0003079,0.13708432,0
2022.8362,141.8643799,4.46E-05,0.00025971,0.153571367,0
2023.3362,143.5677643,3.36E-05,9.50E-05,0.79873997,0
2023.8362,145.592514,2.04E-05,3.03E-05,3.640966654,0
2024.3362,147.2741852,1.56E-05,6.13E-05,0.45246169,0
2024.8362,148.7886963,1.50E-05,0.00027475,0.015314186,0
2025.3362,149.6473999,1.39E-05,0.00035095,0.007743568,0
2025.8362,150.1865845,1.27E-05,0.00023489,0.015596501,0
2026.3362,150.0548554,1.15E-05,9.74E-05,0.088853821,0
2026.8362,149.5962677,1.03E-05,5.83E-06,35.08985519,2
2027.3362,148.894455,1.06E-05,8.83E-05,0.092474788,0
2027.8362,148.0741119,1.15E-05,0.00013287,0.044329956,0
2028.3362,147.8587799,1.32E-05,0.00026818,0.012557387,0
2028.8362,147.9382019,1.54E-05,0.00033176,0.010647724,0
2029.3362,148.0621033,1.63E-05,0.00019101,0.040469572,0
2029.8362,148.2076569,1.67E-05,0.00016328,0.059752777,0
2030.3362,148.8246765,2.06E-05,0.00022792,0.043759946,0
2030.8362,149.6713562,2.63E-05,0.00034371,0.028784879,0
2031.3362,149.0276337,5.04E-05,0.0003752,0.087475509,0
2031.8362,147.6578064,8.36E-05,0.00029771,0.399958938,0
2032.3362,146.1481934,9.53E-05,0.00022132,0.997828901,0
2032.8362,144.5705109,9.65E-05,0.00014274,2.686997175,0
2033.3362,142.7329254,9.74E-05,0.00015074,2.425976992,0
2033.8362,140.7687073,9.81E-05,0.0002121,1.160524368,0
2034.3362,139.8127136,8.04E-05,0.00012775,2.381973028,0
2034.8362,139.3479157,5.39E-05,2.05E-05,59.99329376,2
2035.3362,139.2168427,4.43E-05,5.84E-06,640.0896606,2
2035.8362,139.2483673,4.29E-05,0.00028803,0.113345459,0
2036.3362,140.4125214,3.88E-05,0.00049664,0.027991781,0
2036.8362,142.1284638,3.34E-05,0.00049457,0.020929448,0
2037.3362,143.4760132,3.48E-05,0.00050603,0.02151911,0
2037.8362,144.6440735,3.94E-05,0.00050158,0.028156867,0
2038.3362,146.1617432,4.07E-05,0.00045207,0.037886731,0
2038.8362,147.8497467,4.05E-05,0.00037286,0.057261623,0
2039.3362,144.6629181,7.00E-05,0.00044593,0.115340859,0
2039.8362,139.1011505,0.000113989,0.00049798,0.239805132,0
2040.3362,129.5999451,0.000555565,0.00047541,6.308392048,2
2040.8362,118.1794891,0.001190846,0.00051767,24.03227615,2
2041.3362,102.3244095,0.001776222,0.00067351,29.96660423,1
2041.8362,84.30883026,0.002337284,0.00083113,32.67014313,2
2042.3362,70.18536377,0.002611626,0.00095352,30.15063858,2
2042.8362,57.95808792,0.002746282,0.00104314,27.36129761,2
2043.3362,50.89182663,0.00257239,0.0010971,21.48483276,2
2043.8362,46.33994675,0.002248177,0.00112285,15.59384155,2
2044.3362,45.34809113,0.001968263,0.00112401,11.92537308,2
2044.8362,46.09063339,0.001709931,0.00111607,9.141893387,2
2045.3362,47.05723572,0.001842272,0.00110658,10.8129797,2
2045.8362,48.13299179,0.002164945,0.00110056,15.11274624,2
2046.3362,48.35456848,0.0024236,0.00110043,18.9445591,2
2046.8362,48.15999985,0.002651066,0.00110276,22.56228066,2
2047.3362,47.85314941,0.002703064,0.00110586,23.31160736,2
2047.8362,47.49159622,0.002669574,0.00111255,22.4378376,2
2048.3362,46.41389465,0.002872902,0.00112419,25.39768791,2
2048.8362,44.98728943,0.003191604,0.00114029,30.37976265,2
2049.3362,42.94615173,0.003695717,0.00116064,39.17985535,2
2049.8362,40.60560989,0.004290159,0.00118226,50.6965332,2
2050.3362,38.29210663,0.004439318,0.00120369,52.17952728,2
2050.8362,35.9917717,0.004371538,0.00122452,48.72406387,2
2051.3362,33.80709839,0.004358395,0.00124455,46.73325348,2
2051.8362,31.67877579,0.004371872,0.00126104,45.68054962,2
2052.3362,30.25729752,0.00459209,0.00127265,49.39250183,2
2052.8362,29.18018532,0.004913032,0.00128239,55.59744644,2
2053.3362,28.16043282,0.00508061,0.00129173,58.51319504,2
2053.8362,27.16862297,0.00517347,0.00129495,60.34027863,2
2054.3362,27.46676254,0.004845935,0.00128927,53.45625687,2
2054.8362,28.3933506,0.004313589,0.00128655,42.55385208,2
2055.3362,28.05138779,0.00325732,0.0012926,24.01594544,2
2055.8362,27.09140205,0.001945803,0.00129258,8.570209503,2
2056.3362,28.05464363,0.002317602,0.00127928,12.4380827,2
2056.8362,29.95485878,0.003509494,0.00126639,29.16355705,2
2057.3362,30.82801056,0.003749431,0.00126061,33.62427521,2
2057.8362,31.2007885,0.003525587,0.00125085,30.24206734,2
2058.3362,32.92924118,0.003515976,0.00123173,31.11413574,2
2058.8362,35.31816101,0.003610737,0.00122044,33.48540115,2
2059.3362,35.3602829,0.003431343,0.00122536,29.97422409,2
2059.8362,34.25907135,0.003118384,0.00123739,24.22950363,2
2060.3362,32.77003098,0.003598427,0.0012521,31.43544006,2
2060.8362,31.09204674,0.004464813,0.00127053,46.86403656,2
2061.3362,28.80051231,0.004989211,0.00137034,49.54975128,2
2061.8362,26.21006584,0.005346998,0.00143148,51.70022202,2
2062.3362,24.10962105,0.004871005,0.00137764,46.68082428,2
2062.8362,22.24790192,0.003988804,0.001239,39.530159,2
2063.3362,20.9946785,0.003339643,0.00114316,33.07993317,2
2063.8362,20.03791046,0.002804016,0.00120874,20.62664032,2
2064.3362,20.80944824,0.0026265,0.00130323,15.33586884,2
2064.8362,22.42299461,0.002623451,0.00133347,14.54730701,2
2065.3362,26.7031517,0.002569964,0.00128332,15.18858337,2
2065.8362,32.28244782,0.002491905,0.00121856,16.00293922,2
2066.3362,38.79836655,0.002218642,0.00115592,14.24732399,2
2066.8362,45.77059555,0.001850278,0.00109627,11.13410091,2
2067.3362,51.64032745,0.001520925,0.00104423,8.372671127,2
2067.8362,56.97293472,0.001210579,0.00100934,5.716151714,2
2068.3362,59.15173721,0.001002919,0.00099624,4.037669182,1
2068.8362,59.7940445,0.000845286,0.00099114,2.900750637,1
2069.3362,60.25003433,0.000802541,0.00098733,2.637040854,1
2069.8362,60.61524582,0.000815767,0.0009852,2.737653017,1
2070.3362,60.70746231,0.000634843,0.00098496,1.658869028,1
2070.8362,60.66667938,0.000359332,0.00097676,0.541325748,1
2071.3362,62.47177887,0.000269588,0.00095582,0.319576174,1
2071.8362,65.17617035,0.000270348,0.00093701,0.3357445,1
2072.3362,66.52086639,0.000271707,0.0009276,0.346743047,1
2072.8362,67.203125,0.000273358,0.0009216,0.35601601,1
2073.3362,67.81160736,0.00037153,0.00091611,0.666349888,1
2073.8362,68.38414764,0.000516726,0.00092136,1.272844076,0
2074.3362,66.68147278,0.000591473,0.00094233,1.587170482,1
2074.8362,63.87034607,0.0006319,0.00096077,1.735934615,1
2075.3362,62.71134567,0.000708372,0.00096779,2.14686203,1
2075.8362,62.35724258,0.000802405,0.00096871,2.748914719,1
2076.3362,62.51314926,0.000776645,0.00096611,2.590517044,1
2076.8362,62.91752625,0.000692522,0.00095382,2.118561983,1
2077.3362,65.16159058,0.000619035,0.00092881,1.794696212,1
2077.8362,68.30192566,0.000550729,0.00090742,1.495193243,0
2078.3362,69.76521301,0.000508102,0.00089763,1.303427935,0
2078.8362,70.41144562,0.000477985,0.00089563,1.159165025,0
2079.3362,70.19625855,0.000525926,0.00089957,1.38986516,0
2079.8362,69.56140137,0.000611897,0.0009093,1.83738482,0
2080.3362,68.10094452,0.000789657,0.00092474,2.948719978,1
2080.8362,66.23827362,0.001012136,0.00093834,4.691214085,1
2081.3362,65.17433167,0.001068477,0.00094641,5.130458355,1
2081.8362,64.49954224,0.001043879,0.00094818,4.876859188,1
2082.3362,64.79419708,0.00096792,0.00094325,4.241305351,1
2082.8362,65.5611496,0.000866938,0.0009341,3.476250172,1
2083.3362,66.76308441,0.000711745,0.00092195,2.411527157,1
2083.8362,68.17694092,0.000530139,0.00091726,1.352995873,1
2084.3362,67.77110291,0.000471537,0.00092515,1.050422669,1
2084.8362,66.47872162,0.000472859,0.00094067,1.018361449,1
2085.3362,64.43161011,0.00058827,0.00096139,1.502362609,1
2085.8362,62.01680374,0.000759264,0.00098075,2.395282269,1
2086.3362,60.26457596,0.000794923,0.00099553,2.540565729,1
2086.8362,58.83514786,0.000764649,0.00099115,2.373655558,1
2087.3362,61.20606613,0.00079663,0.00096052,2.760573149,1
2087.8362,65.42847443,0.000858941,0.00092108,3.519428015,1
2088.3362,69.69822693,0.000731182,0.00088131,2.81039691,0
2088.8362,73.99104309,0.000510824,0.00085172,1.478730679,0
2089.3362,76.0687561,0.00050841,0.00083743,1.520339966,0
2089.8362,77.06729126,0.000612175,0.00084812,2.143606901,0
2090.3362,73.76817322,0.000912174,0.00088849,4.296544075,2
2090.8362,68.37529755,0.001307774,0.00093848,7.829436779,2
2091.3362,63.00550842,0.002041122,0.00098831,17.02052307,1
2091.8362,57.64697266,0.002939016,0.00102704,32.42736816,2
2092.3362,54.66778183,0.003164914,0.00104933,35.86883545,2
2092.8362,52.84777451,0.003063425,0.00105196,33.42074204,2
2093.3362,54.10174942,0.002673606,0.00103335,26.47588539,2
2093.8362,56.85333252,0.002143318,0.0010041,18.12440491,2
2094.3362,60.39957809,0.001411911,0.00096936,8.49860096,1
2094.8362,64.3329773,0.000582522,0.00093568,1.563667297,1
2095.3362,67.65058899,0.000474408,0.00090625,1.11265111,1
2095.8362,70.66819,0.000717691,0.00088057,2.712656975,0
2096.3362,73.17903137,0.000810133,0.0008584,3.655908108,0
2096.8362,75.44299316,0.000829087,0.00084562,3.957441807,0
2097.3362,75.9291687,0.000804304,0.00084512,3.729232311,0
2097.8362,75.54924011,0.000758212,0.00085296,3.247417927,0
2098.3362,74.24121857,0.000668634,0.00086722,2.434966803,0
2098.8362,72.48103333,0.000557871,0.000887,1.613005281,0
2099.3362,69.98151398,0.000554941,0.0009119,1.501792193,0
2099.8362,67.12181091,0.000604546,0.00092361,1.732941866,0
2100.3362,67.46070862,0.00066565,0.00091323,2.153847694,0
2100.8362,69.35791779,0.000732355,0.000898,2.70542264,0
2101.3362,70.73874664,0.000645303,0.00088634,2.161758423,0
2101.8362,71.86800385,0.000483344,0.00086952,1.26501894,0
2102.3362,74.36199188,0.000425438,0.00084326,1.048470497,0
2102.8362,77.52085877,0.000418225,0.00082576,1.061062694,0
2103.3362,78.12928772,0.00035708,0.00082587,0.77325815,0
2103.8362,77.49516296,0.000269659,0.00082034,0.447552383,0
2104.3362,79.32145691,0.000404129,0.0007978,1.068744659,0
2104.8362,82.34642792,0.000646702,0.00078256,2.855417728,0
2105.3362,82.60227966,0.000699479,0.00078645,3.304248571,0
2105.8362,81.50904846,0.000659789,0.00079781,2.848601341,0
2106.3362,80.15698242,0.000763532,0.00081095,3.680161953,0
2106.8362,78.67881012,0.000937152,0.0008351,5.197506905,2
2107.3362,74.95808411,0.000841994,0.00087474,3.788649321,0
2107.8362,70.14482117,0.000615892,0.00091174,1.850514174,0
2108.3362,66.99300385,0.000564603,0.00093726,1.463504791,0
2108.8362,64.65062714,0.000598482,0.0009554,1.576499939,0
2109.3362,63.08969116,0.000542146,0.00096813,1.25654459,0
2109.8362,61.90945435,0.000441859,0.00097484,0.822078526,0
2110.3362,61.64390564,0.000602739,0.00097524,1.528313875,0
2110.8362,61.82397842,0.000890856,0.00096796,3.394129515,1
2111.3362,63.20936585,0.002160768,0.00095236,20.69444656,1
2111.8362,65.18196869,0.003908999,0.00093636,70.30025482,1
2112.3362,66.65518951,0.00443555,0.0009238,93.24451447,1
2112.8362,67.88511658,0.004366911,0.00091313,92.72076416,1
2113.3362,68.95304108,0.004272463,0.00090357,90.83238983,2
2113.8362,69.94204712,0.004165441,0.00090503,86.03266907,2
2114.3362,68.63816834,0.00295834,0.00092234,41.62324143,2
2114.8362,66.21722412,0.001215295,0.00094177,6.709411144,1
2115.3362,64.45507813,0.000661907,0.00095665,1.92281127,1
2115.8362,63.01390839,0.000688106,0.00096165,2.054341078,1
2116.3362,63.37862396,0.000669934,0.00095418,1.980969906,1
2116.8362,64.62315369,0.000630147,0.00093499,1.832770467,1
2117.3362,67.50896454,0.000565255,0.00090447,1.586430788,1
2117.8362,71.19438934,0.000488132,0.0008681,1.294854522,0
2118.3362,75.33683014,0.000638117,0.00082858,2.451687098,0
2118.8362,79.70193481,0.000898747,0.00080238,5.219615459,2
2119.3362,80.97891998,0.000913904,0.00079751,5.469931603,2
2119.8362,80.75141144,0.000809471,0.0008036,4.220018864,2
2120.3362,79.66715241,0.000836132,0.00081561,4.358003616,2
2120.8362,78.1654892,0.00092666,0.00084069,5.007742405,2
2121.3362,74.26998138,0.000834463,0.00088229,3.651481867,0
2121.8362,69.20821381,0.000653244,0.00092193,2.031494379,0
2122.3362,65.73610687,0.001083503,0.00095059,5.224863052,1
2122.8362,63.03846359,0.001811666,0.00096903,14.00277996,1
2123.3362,61.7676239,0.002045378,0.0009776,17.50621986,1
2123.8362,61.19190216,0.002038199,0.00097211,17.6002655,1
2124.3362,62.94846344,0.001952999,0.00095052,16.97809982,1
2124.8362,65.84128571,0.001829787,0.00092841,15.69543171,1
2125.3362,67.70807648,0.00133777,0.00091339,8.695989609,1
2125.8362,69.07500458,0.000666076,0.00091368,2.154274941,0
2126.3362,67.6456604,0.000542845,0.00093329,1.365571618,1
2126.8362,64.85400391,0.000686817,0.00095945,2.0569911,1
2127.3362,62.01371002,0.000818955,0.00098594,2.754542112,1
2127.8362,59.14971161,0.000945329,0.00100875,3.490136385,0
2128.3362,57.10465241,0.000954127,0.00102589,3.426027775,0
2128.8362,55.45857239,0.000905644,0.00102719,3.078104973,0
2129.3362,56.82407379,0.000769363,0.00100769,2.317089319,0
2129.8362,59.65677643,0.000590307,0.00098384,1.437875986,0
2130.3362,61.95815277,0.000491321,0.00096366,1.042551994,0
2130.8362,64.00067139,0.000431344,0.00093761,0.853491187,0
2131.3362,67.56529236,0.000377686,0.00090106,0.71417439,0
2131.8362,71.87145233,0.000327107,0.00086537,0.585510492,0
2132.3362,75.24954987,0.000277058,0.00083609,0.453089446,0
2132.8362,78.17549896,0.000227267,0.00080436,0.331958205,0
2133.3362,82.08082581,0.000175799,0.00076587,0.221254021,0
2133.8362,86.46330261,0.000123513,0.00073464,0.1196905,0
2134.3362,88.80350494,0.000104318,0.00071752,0.089925394,0
2134.8362,90.14873505,0.000101245,0.00070541,0.087936975,0
2135.3362,91.41107178,0.000218644,0.00069387,0.425268322,0
2135.8362,92.63300324,0.000394736,0.00069322,1.388985038,0
2136.3362,91.54954529,0.000459931,0.0007085,1.797366619,0
2136.8362,89.3429184,0.000471097,0.00072403,1.797858954,0
2137.3362,88.20642853,0.000511035,0.00073218,2.064157009,0
2137.8362,87.59130096,0.000564992,0.00074343,2.439810991,0
2138.3362,85.78224182,0.000477147,0.00076293,1.643755674,0
2138.8362,83.39150238,0.000320217,0.00077436,0.716496587,0
2139.3362,83.32233429,0.000310033,0.00076975,0.680527866,0
2139.8362,84.38420105,0.000371341,0.00076396,0.992638528,0
2140.3362,84.56903839,0.000354512,0.00076423,0.904002011,0
2140.8362,84.32660675,0.000299615,0.00075899,0.655554354,0
2141.3362,85.69515228,0.000519756,0.00074264,2.06960392,0
2141.8362,87.84855652,0.000873893,0.00072412,6.184901238,2
2142.3362,89.68375397,0.000939243,0.00070778,7.512418747,2
2142.8362,91.36392975,0.000863901,0.00068798,6.764892578,2
2143.3362,93.94781494,0.000845779,0.00066193,7.058747292,2
2143.8362,96.97197723,0.000855535,0.0006394,7.79428196,2
2144.3362,98.79906464,0.000608732,0.00062514,4.146689415,0
2144.8362,100.0429611,0.000236935,0.00061706,0.64645344,1
2145.3362,100.5391922,0.000135838,0.00061414,0.214711219,1
2145.8362,100.6711731,0.000166623,0.00061836,0.31822893,1
2146.3362,99.62953949,0.000176563,0.00063069,0.342138588,1
2146.8362,98.01613617,0.000176346,0.00064466,0.325240344,0
2147.3362,96.62015533,0.000186593,0.00065714,0.349096209,0
2147.8362,95.33010101,0.000201938,0.00067065,0.390973032,0
2148.3362,93.7121048,0.000212924,0.00068642,0.412999749,0
2148.8362,91.93432617,0.000221785,0.00070148,0.427198649,0
2149.3362,90.46953583,0.000224829,0.00071438,0.421753615,0
2149.8362,89.15722656,0.000225038,0.00072129,0.413686544,0
2150.3362,88.98265839,0.000237833,0.00072033,0.463421822,0
2150.8362,89.36238861,0.00025676,0.00071459,0.549704671,0
2151.3362,90.2186203,0.000229572,0.00070556,0.451921016,0
2151.8362,91.30700684,0.000179917,0.00069434,0.28753221,0
2152.3362,92.63510895,0.000159967,0.00068146,0.236861184,0
2152.8362,94.08000946,0.000154489,0.00067376,0.226508781,0
2153.3362,94.2940979,0.000165323,0.00067456,0.258713514,0
2153.8362,93.90854645,0.000184103,0.0006793,0.31592527,0
2154.3362,93.27259827,0.000225644,0.00068577,0.464787722,0
2154.8362,92.51464844,0.000278274,0.00069284,0.691120148,0
2155.3362,91.75107575,0.000309057,0.00069995,0.833543301,0
2155.8362,90.98474121,0.000329195,0.0007058,0.928550899,0
2156.3362,90.49056244,0.000438038,0.00070977,1.623921275,0
2156.8362,90.12896729,0.000590098,0.00071271,2.920383215,0
2157.3362,89.85772705,0.000615901,0.00071503,3.158699989,0
2157.8362,89.63051605,0.000580193,0.00071608,2.794023752,0
2158.3362,89.63201141,0.000554748,0.00071555,2.558489561,0
2158.8362,89.74493408,0.000534303,0.00071536,2.374763012,0
2159.3362,89.67295837,0.000426604,0.00071645,1.508828878,0
2159.8362,89.51088715,0.000276396,0.00071737,0.631578863,0
2160.3362,89.47444153,0.000230254,0.00071743,0.438227952,0
2160.8362,89.49919891,0.000234812,0.00071672,0.456744194,0
2161.3362,89.62417603,0.00023137,0.00071533,0.445349813,0
2161.8362,89.79798126,0.000224031,0.00071342,0.420006067,0
2162.3362,90.03705597,0.000201727,0.00071105,0.343040556,0
2162.8362,90.30792236,0.000172132,0.00070828,0.251924634,0
2163.3362,90.6341095,0.000295687,0.00070512,0.750733852,0
2163.8362,90.98726654,0.000493855,0.00070441,2.09885931,0
2164.3362,90.78631592,0.000561097,0.00070754,2.6830163,0
2164.8362,90.31541443,0.000564552,0.00070629,2.726750374,0
2165.3362,91.05438232,0.00055705,0.00069668,2.735988617,0
2165.8362,92.38279724,0.000544209,0.00068631,2.698894024,0
2166.3362,93.28794861,0.000394024,0.00067886,1.449198723,0
2166.8362,93.9868927,0.000176927,0.00067255,0.298257887,0
2167.3362,94.64768982,0.000102105,0.00066649,0.101332292,0
2167.8362,95.2898941,9.66E-05,0.00066531,0.091051288,0
2168.3362,94.90214539,9.22E-05,0.00067124,0.081314594,0
2168.8362,94.01261139,8.83E-05,0.0006769,0.07324142,0
2169.3362,93.68427277,9.42E-05,0.00067867,0.082839787,0
2169.8362,93.6293335,0.000104811,0.00067654,0.103315294,0
2170.3362,94.14446259,0.000121122,0.00067047,0.140738964,0
2170.8362,94.93732452,0.000140201,0.00066434,0.192415595,0
2171.3362,95.4647522,0.000171699,0.00066004,0.292740464,0
2171.8362,95.86286926,0.000209249,0.00065798,0.437784702,0
2172.3362,95.90865326,0.000220812,0.00065835,0.486902416,0
2172.8362,95.78277588,0.000219715,0.00066162,0.476847917,0
2173.3362,95.20373535,0.000295306,0.00066803,0.843323469,0
2173.8362,94.40393066,0.00040826,0.00067704,1.565024495,0
2174.3362,93.26374817,0.000437592,0.0006884,1.733361363,0
2174.8362,91.95774078,0.000426186,0.00069852,1.592224836,0
2175.3362,91.08625794,0.000423139,0.00070563,1.534955859,0
2175.8362,90.42647553,0.000424164,0.00071407,1.502582192,0
2176.3362,89.26747131,0.000339297,0.00072596,0.927152872,0
2176.8362,87.86525726,0.000212583,0.00073429,0.354935557,0
2177.3362,87.47634125,0.000191786,0.00073561,0.2877464,0
2177.8362,87.58108521,0.00022259,0.00074033,0.382186979,0
2178.3362,86.46004486,0.000235006,0.00075352,0.409778625,0
2178.8362,84.74181366,0.000238463,0.00075966,0.414458662,0
2179.3362,85.13808441,0.000264059,0.00075119,0.5208987,0
2179.8362,86.56452179,0.000300441,0.00074283,0.691131711,0
2180.3362,86.9381485,0.000284158,0.00074175,0.620229363,0
2180.8362,86.79886627,0.000242217,0.00073488,0.459975183,0
2181.3362,88.41396332,0.000287562,0.00071591,0.686711967,0
2181.8362,90.88375855,0.000375431,0.00070271,1.21941793,0
2182.3362,91.25778961,0.000390908,0.00070398,1.316788793,0
2182.8362,90.61079407,0.000371117,0.00070363,1.188127399,0
2183.3362,91.3311615,0.00042735,0.00069385,1.624736309,0
2183.8362,92.71769714,0.000520622,0.00068549,2.476521015,0
2184.3362,93.13124847,0.00051294,0.00068385,2.416676998,0
2184.8362,93.07078552,0.000456074,0.00068116,1.92718184,0
2185.3362,93.70953369,0.00042575,0.00067364,1.720951438,0
2185.8362,94.68893433,0.000408357,0.00066752,1.615321755,0
2186.3362,95.02714539,0.00033531,0.00066583,1.095201135,0
2186.8362,95.05297852,0.000235149,0.00066557,0.539088249,0
2187.3362,95.08226013,0.00018674,0.0006653,0.340280861,0
2187.8362,95.11320496,0.000163545,0.00067139,0.255816609,0
2188.3362,93.77083588,0.000155364,0.00068697,0.219501391,0
2188.8362,91.75939941,0.000154498,0.00070997,0.201891363,0
2189.3362,88.81965637,0.000190151,0.00073937,0.279706955,0
2189.8362,85.42766571,0.000243597,0.00077732,0.411171556,0
2190.3362,80.64852905,0.000491001,0.00082486,1.46598208,0
2190.8362,75.19358063,0.000832901,0.00086941,3.757441282,0
2191.3362,71.05712128,0.000987185,0.00090486,4.834128857,2
2191.8362,67.5630188,0.001050066,0.00093878,5.044204712,1
2192.3362,63.75489426,0.001041151,0.00097486,4.564090252,1
2192.8362,59.7937851,0.000997257,0.00100313,3.932135582,1
2193.3362,57.66756821,0.001054595,0.00101874,4.25042057,2
2193.8362,56.43528366,0.001161251,0.00103271,5.001495361,2
2194.3362,54.66016769,0.00118234,0.00105042,4.994436741,2
2194.8362,52.62058258,0.001161743,0.0010564,4.762088299,2
2195.3362,53.37263107,0.001271643,0.0010431,5.866965294,2
2195.8362,55.48473358,0.001445121,0.00102772,7.828598023,2
2196.3362,56.68306351,0.001208185,0.00101866,5.579595566,2
2196.8362,57.43621826,0.000771301,0.00100357,2.34986639,0
2197.3362,59.93117523,0.000687721,0.00097645,1.984240055,1
2197.8362,63.27471542,0.000776265,0.00095693,2.642920494,1
2198.3362,64.13370514,0.000706434,0.00095458,2.200672388,1
2198.8362,63.78224945,0.000559443,0.0009626,1.35497129,1
2199.3362,62.40520859,0.000693836,0.00097771,2.013962984,1
2199.8362,60.52851486,0.000965317,0.00101106,3.621015549,1
2200.3362,55.22719955,0.001771854,0.00106806,10.81298256,2
2200.8362,48.2574501,0.002839065,0.00112813,24.61276627,2
2201.3362,42.2948494,0.006437068,0.00118124,114.3489914,2
2201.8362,36.82292175,0.011268044,0.00121448,329.6387329,2
2202.3362,35.13697434,0.01286727,0.00122158,424.3699646,2
2202.8362,35.29551697,0.012892028,0.00119586,446.4221802,2
2203.3362,40.67316437,0.012426926,0.00113409,466.1254883,2
2203.8362,48.59349823,0.011723177,0.00106113,480.1752014,2
2204.3362,56.38200378,0.008243861,0.00098908,277.1738281,2
2204.8362,64.1062851,0.003412324,0.00092754,54.69763947,1
2205.3362,69.63054657,0.001629115,0.0008812,13.95531654,2
2205.8362,74.08299255,0.001331015,0.00086503,9.702806473,2
2206.3362,73.11196137,0.000914921,0.00088632,4.345785618,2
2206.8362,69.49867249,0.000441343,0.00091996,0.931665897,0
2207.3362,65.86984253,0.0009495,0.0009537,3.983671904,1
2207.8362,62.23344421,0.001935946,0.00098757,15.33688355,1
2208.3362,58.57767868,0.002312456,0.00102159,20.31132698,1
2208.8362,54.9124794,0.002391812,0.00103505,21.11247253,2
2209.3362,55.67881393,0.002466016,0.0010179,23.28308106,2
2209.8362,58.60413742,0.00253771,0.00098925,26.25491905,1
2210.3362,61.84746933,0.001960889,0.00095839,16.80788231,1
2210.8362,65.24572754,0.001068119,0.0009283,5.349644661,1
2211.3362,68.32640839,0.000775892,0.0009004,3.018872261,0
2211.8362,71.25237274,0.000776243,0.00088811,3.114353895,0
2212.3362,70.97349548,0.001039028,0.00089796,5.446138859,2
2212.8362,69.13327026,0.001429667,0.00091961,9.784573555,2
2213.3362,66.31042481,0.001615739,0.00094806,11.68701744,1
2213.8362,63.00885773,0.001702149,0.00097536,12.18518734,1
2214.3362,60.43181229,0.001878319,0.00099766,14.11812115,1
2214.8362,58.2077446,0.002098218,0.00100701,17.25944901,1
2215.3362,58.41991806,0.001936626,0.00099953,14.94653893,1
2215.8362,59.81899643,0.001589176,0.00098416,10.41355896,1
2216.3362,61.728302,0.001341814,0.00096527,7.747421265,1
2216.8362,63.88618469,0.001143215,0.00094662,5.870417118,1
2217.3362,65.74368286,0.001680665,0.00093004,13.19042206,1
2217.8362,67.45484161,0.00257671,0.00092144,31.64489555,1
2218.3362,67.59420013,0.002863487,0.0009237,38.87070084,1
2218.8362,66.96780396,0.002853436,0.00091989,38.95087433,1
2219.3362,68.41653442,0.002852216,0.00090174,40.66173935,2
2219.8362,70.87624359,0.0028553,0.00088428,42.54081726,2
2220.3362,72.17454529,0.002028084,0.00087485,21.97444916,2
2220.8362,72.9070282,0.000796357,0.00086954,3.433831453,0
2221.3362,73.31655884,0.000778125,0.00086647,3.304004908,0
2221.8362,73.5687561,0.001351092,0.00088139,9.594002724,2
2222.3362,70.1023407,0.001661634,0.00092201,13.14171505,2
2222.8362,64.8242569,0.001844326,0.00096555,14.62751675,1
2223.3362,60.73036194,0.002021755,0.0010009,16.24043465,1
2223.8362,57.21339417,0.002196621,0.00102555,18.17211151,2
2224.3362,55.42229843,0.001969824,0.00103828,14.22207069,2
2224.8362,54.47202301,0.00154734,0.00104038,8.736729622,2
2225.3362,54.9708519,0.001287716,0.00103247,6.153325081,2
2225.8362,56.17567062,0.001107436,0.00101563,4.718663216,2
2226.3362,58.59557343,0.001265264,0.0009904,6.509965897,1
2226.8362,61.60744476,0.001587814,0.00096703,10.80516529,1
2227.3362,63.62508392,0.001542314,0.00095054,10.58792782,1
2227.8362,65.15834808,0.001317505,0.00093824,7.950857639,1
2228.3362,66.27360535,0.001245896,0.00092882,7.269655228,1
2228.8362,67.18521881,0.001248922,0.00093741,7.158563137,1
2229.3362,64.42606354,0.001627569,0.00097135,11.24221897,1
2229.8362,59.8785553,0.002189212,0.00102138,18.21224213,1
2230.3362,53.65414429,0.003253187,0.00108299,35.35446549,2
2230.8362,46.61276245,0.004561893,0.00113701,62.46096039,2
2231.3362,42.02495575,0.005123956,0.00117408,73.4303894,2
2231.8362,38.63250351,0.005322264,0.00118688,77.35666657,2
2232.3362,39.2702179,0.004748747,0.00117183,63.33676529,2
2232.8362,41.87137222,0.003799206,0.00113663,43.35344315,2
2233.3362,46.85004807,0.002661272,0.001085,23.56312752,2
2233.8362,52.98701859,0.001431555,0.00103858,7.506680489,2
2234.3362,56.84220886,0.000890361,0.00100793,3.101599217,0
2234.8362,59.58574295,0.000684608,0.00098947,1.909846544,1
2235.3362,60.81636429,0.000968152,0.00098146,3.888366938,1
2235.8362,61.30990982,0.001490075,0.00097883,9.265310288,1
2236.3362,61.38243485,0.001650097,0.00097911,11.35506916,1
2236.8362,61.2498436,0.001633806,0.00097793,11.16153812,1
2237.3362,61.63577652,0.001663229,0.00097317,11.69200325,1
2237.8362,62.27433395,0.001714923,0.00097016,12.51508713,1
2238.3362,62.28560257,0.001630456,0.00097147,11.27907372,1
2238.8362,61.99125671,0.001479653,0.00097525,9.210107803,1
2239.3362,61.47325134,0.001502976,0.00098057,9.38969326,1
2239.8362,60.84627914,0.001611132,0.00099197,10.51878262,1
2240.3362,59.01985931,0.001633916,0.00101165,10.36079311,1
2240.8362,56.60907745,0.001615109,0.00102541,9.827178955,2
2241.3362,56.05654907,0.001550991,0.00102633,9.044552803,2
2241.8362,56.40933609,0.001464799,0.00102427,8.10296917,2
2242.3362,56.50168991,0.001307569,0.00102401,6.460406303,2
2242.8362,56.4671669,0.00111573,0.00100791,4.870687962,2
2243.3362,59.96657562,0.001045541,0.0009674,4.681110382,1
2243.8362,65.18767548,0.001034619,0.00093097,4.987719536,1
2244.3362,67.80897522,0.000769349,0.0009125,2.882269859,1
2244.8362,69.16368103,0.000380165,0.00090074,0.724144816,0
2245.3362,70.34197998,0.000610609,0.0008902,1.917138219,0
2245.8362,71.4343338,0.001142928,0.00089363,6.660250187,2
2246.3362,69.6039505,0.001449105,0.00091725,10.10942459,2
2246.8362,66.34963226,0.001645108,0.0009475,12.13149452,1
2247.3362,63.08984375,0.001724366,0.00097779,12.43708229,1
2247.8362,59.82738876,0.001746747,0.00101293,11.80824471,1
2248.3362,55.52475357,0.001500741,0.00105525,7.965803146,2
2248.8362,50.71534729,0.001123979,0.00109558,4.11433363,0
2249.3362,46.84360123,0.001588566,0.00112943,7.686347485,2
2249.8362,43.42867279,0.002463048,0.00114757,17.84150887,2
2250.3362,42.937397,0.002826136,0.00114552,23.58197784,2
2250.8362,43.87048721,0.002940079,0.00112653,26.47792244,2
2251.3362,47.02544022,0.00285678,0.00109219,26.76070976,2
2251.8362,51.26285553,0.002677388,0.0010549,25.37217522,2
2252.3362,55.05418015,0.001933213,0.00102069,14.22305203,2
2252.8362,58.62817383,0.000913883,0.00100238,3.307573795,1
2253.3362,58.99584961,0.000585767,0.00100622,1.347487569,1
2253.8362,57.80144119,0.000594402,0.00101893,1.349717021,0
2254.3362,56.26128006,0.001046754,0.00103401,4.052613735,0
2254.8362,54.55266953,0.001715281,0.00104927,10.53703499,2
2255.3362,52.97753143,0.002057092,0.0010636,14.70940304,2
2255.8362,51.46741867,0.002239732,0.00106517,17.38082886,2
2256.3362,52.63813782,0.002238772,0.00104823,17.98934746,2
2256.8362,55.11492157,0.002148365,0.00102402,17.43964005,2
2257.3362,57.85066986,0.001685708,0.00099801,11.36233997,2
2257.8362,60.71257782,0.001041695,0.00097324,4.585612774,1
2258.3362,63.18528748,0.000728566,0.00095114,2.359391928,1
2258.8362,65.46839142,0.00057664,0.00094521,1.498465538,1
2259.3362,64.46362305,0.000657464,0.00096199,1.8739959,1
2259.8362,61.85704804,0.000851682,0.00099239,2.936657429,1
2260.3362,57.91813278,0.001160626,0.00103199,5.003783703,2
2260.8362,53.33011627,0.001525464,0.00107229,7.945419312,2
2261.3362,49.24336243,0.001592682,0.00110913,8.040753365,2
2261.8362,45.40081787,0.001514904,0.00112474,7.054321289,2
2262.3362,45.88183212,0.001350062,0.00111048,5.762144089,2
2262.8362,48.46923065,0.001142805,0.00108229,4.369064331,2
2263.3362,51.9523468,0.000891886,0.0010479,2.857030153,0
2263.8362,55.87184143,0.000619695,0.00101163,1.490416169,0
2264.3362,59.76021195,0.000607178,0.00097558,1.549721479,1
2264.8362,63.63341522,0.000721172,0.00093728,2.387618542,1
2265.3362,68.00588989,0.000785988,0.00089553,3.135126114,1
2265.8362,72.62160492,0.000826844,0.00084772,3.914641619,0
2266.3362,78.29708862,0.000751971,0.0007926,3.753904581,0
2266.8362,84.48886871,0.000620716,0.00073187,3.048111677,0
2267.3362,91.37428284,0.00046154,0.00066633,2.071583033,0
2267.8362,98.5976181,0.000288762,0.00061921,0.952875435,0
2268.3362,101.5195007,0.000262978,0.0006018,0.841481566,1
2268.8362,102.3457565,0.000308809,0.00059901,1.172258735,1
2269.3362,102.1214218,0.000331852,0.00060347,1.331821322,1
2269.8362,101.3852234,0.000343794,0.00060576,1.417537928,1
2270.3362,101.6286926,0.000350436,0.00060128,1.497094035,1
2270.8362,102.3494415,0.000354497,0.00058346,1.63681829,1
2271.3362,105.4631271,0.000262875,0.00054913,1.028521657,1
2271.8362,109.7426376,0.000124638,0.00068653,0.141465038,1
2272.3362,113.3053589,7.36E-05,0.00077439,0.037818298,1
2272.8362,116.5188599,6.50E-05,0.00047459,0.086607814,0
2273.3362,117.5863724,6.58E-05,0.00029797,0.24759613,0
2273.8362,117.6083984,7.13E-05,0.00035997,0.191646442,0
2274.3362,116.5551605,0.000108012,0.00031402,0.593795836,0
2274.8362,114.9780884,0.00015993,0.00039392,0.790608704,1
2275.3362,113.6460419,0.000177409,0.00054478,0.476720631,1
2275.8362,112.4333725,0.00017811,0.00035552,1.228777289,1
2276.3362,112.6724701,0.000174307,0.00026627,2.222913504,1
2276.8362,113.6188583,0.000168312,0.00043765,0.694622576,1
2277.3362,115.4051437,0.000126936,0.00040947,0.45738551,1
2277.8362,117.6006165,6.83E-05,0.00026273,0.351745486,0
2278.3362,119.7613907,4.28E-05,0.00026073,0.140313834,0
2278.8362,121.9052582,3.34E-05,0.00040439,0.032500271,0
2279.3362,122.2862015,4.24E-05,0.00054508,0.027136125,0
2279.8362,121.8082581,6.03E-05,0.00058871,0.046422314,0
2280.3362,120.8679276,7.03E-05,0.0005094,0.086798862,0
2280.8362,119.7023468,7.65E-05,0.00035128,0.232577384,0
2281.3362,118.8837509,7.97E-05,0.00012857,2.304321528,0
2281.8362,118.2341919,8.14E-05,1.48E-05,278.7053833,2
2282.3362,118.9131622,0.00010416,0.00016831,2.177508831,0
2282.8362,120.2393723,0.000137093,0.00033477,0.830973923,0
2283.3362,122.0787811,0.000148544,0.0003173,1.097679973,0
2283.8362,124.1682205,0.000149529,0.00039149,0.700595379,0
2284.3362,126.0430527,0.000149856,0.00048891,0.431564868,0
2284.8362,127.8133164,0.000149862,0.00037474,0.774781466,0
2285.3362,128.1892242,0.000115803,0.00033455,0.593780279,0
2285.8362,127.8857727,6.51E-05,0.00040897,0.120801725,0
2286.3362,124.7205505,4.53E-05,0.00039433,0.063408695,0
2286.8362,120.1611023,4.06E-05,0.00053165,0.026306687,0
2287.3362,115.4043503,9.79E-05,0.00067927,0.089281716,1
2287.8362,110.5514603,0.000185397,0.00060311,0.416227639,1
2288.3362,107.101059,0.000230971,0.00056664,0.741036117,1
2288.8362,104.3339233,0.000256105,0.00057735,0.874317408,1
2289.3362,104.7934418,0.000264131,0.00056578,0.972330034,1
2289.8362,106.8249512,0.000263822,0.00054519,1.052490354,1
2290.3362,109.2285309,0.000221685,0.00052202,0.817640781,1
2290.8362,111.8133774,0.00015917,0.00050622,0.450999409,1
2291.3362,112.6316299,0.00012605,0.00050261,0.287328064,1
2291.8362,112.5892334,0.000107251,0.00050732,0.203791007,1
2292.3362,111.6170273,0.000100103,0.00051845,0.169253454,1
2292.8362,110.1918335,9.86E-05,0.00053062,0.156133443,1
2293.3362,108.996872,8.02E-05,0.0005412,0.098939143,1
2293.8362,107.9140625,5.36E-05,0.00053696,0.044924595,1
2294.3362,109.9114838,3.83E-05,0.0005118,0.025439277,1
2294.8362,113.4095612,2.84E-05,0.00025816,0.06327536,1
2295.3362,117.2365112,2.31E-05,8.75E-05,0.450125575,0
2295.8362,121.2236862,1.99E-05,0.00028917,0.024141576,0
2296.3362,125.1657562,2.19E-05,0.00025191,0.039502259,0
2296.8362,129.0858765,2.63E-05,0.00027418,0.04759321,0
2297.3362,129.7400818,2.82E-05,0.00047791,0.016107995,0
2297.8362,128.8031769,2.89E-05,0.00028928,0.050829463,0
2298.3362,126.9898529,5.06E-05,0.00014575,0.705421209,0
2298.8362,124.7495499,8.26E-05,0.00033047,0.310453922,0
2299.3362,122.1276779,0.00014142,0.00045659,0.446747005,0
2299.8362,119.3199081,0.000213284,0.000408,1.301560402,0
2300.3362,117.7560577,0.000245212,0.00038796,1.922001362,0
2300.8362,116.798233,0.000257685,0.00036273,2.460893631,0
2301.3362,116.0276718,0.000260168,0.00029379,3.988652945,1
2301.8362,115.3483505,0.000257785,0.00035335,2.608943224,1
2302.3362,113.4994888,0.000243843,0.00047436,1.221187592,1
2302.8362,111.0808487,0.000224269,0.00052372,0.830845058,1
2303.3362,109.5963211,0.000350014,0.00053539,1.927955031,1
2303.8362,108.5668564,0.000546557,0.00054047,4.604411125,1
2304.3362,108.5030518,0.000618673,0.00053888,5.93799305,1
2304.8362,108.9096909,0.000630169,0.00052943,6.405238152,1
2305.3362,110.5384598,0.000607056,0.00060969,4.357294083,1
2305.8362,112.7626419,0.000567081,0.00064601,3.347828627,1
2306.3362,113.0166779,0.000438736,0.00054994,2.855700493,1
2306.8362,112.3108978,0.000267339,0.00051398,1.230385661,1
2307.3362,110.4626923,0.000267481,0.00053373,1.133650065,1
2307.8362,108.0579071,0.000351196,0.00055168,1.817137599,1
2308.3362,106.5978775,0.000381646,0.0005631,2.051314116,1
2308.8362,105.5981216,0.000386144,0.00056253,2.104645014,1
2309.3362,106.72258,0.000362329,0.00054727,1.968621373,1
2309.8362,108.8819275,0.000324719,0.00052799,1.710955024,1
2310.3362,112.0740814,0.000235254,0.00051537,0.947133422,1
2310.8362,115.7694016,0.000120526,0.00054436,0.220398411,1
2311.3362,118.1439438,6.78E-05,0.00049,0.088014193,0
2311.8362,119.8750076,4.54E-05,0.00042884,0.052813362,0
2312.3362,119.8370132,4.19E-05,0.00043686,0.043251533,0
2312.8362,118.9371414,4.77E-05,0.00046866,0.047989536,0
2313.3362,117.6136093,6.64E-05,0.00054837,0.065796308,0
2313.8362,116.0836792,9.14E-05,0.00068742,0.075791851,1
2314.3362,114.5568085,0.000109942,0.00071554,0.100491859,1
2314.8362,113.0314331,0.00012541,0.00054776,0.235377416,1
2315.3362,112.8822174,0.000161875,0.00040966,0.74306792,1
2315.8362,113.4034729,0.00020857,0.00039989,1.300871849,1
2316.3362,113.0956497,0.000217091,0.00047286,0.974702776,1
2316.8362,112.3839111,0.000207014,0.00050035,0.782705307,1
2317.3362,112.7726517,0.000194061,0.00057127,0.513836741,1
2317.8362,113.6975174,0.000179706,0.0006167,0.372359872,1
2318.3362,111.7505493,0.000143317,0.00056427,0.287954986,1
2318.8362,108.4044418,9.62E-05,0.00056545,0.129128426,1
2319.3362,103.2886276,0.000214817,0.00061698,0.531544685,1
2319.8362,97.31066132,0.00041419,0.00068908,1.549553633,0
2320.3362,87.76435089,0.000869251,0.00078584,5.11158371,2
2320.8362,76.479599,0.00144888,0.00088324,10.98225784,2
2321.3362,66.79387665,0.001906968,0.0009696,15.4946928,2
2321.8362,57.88718033,0.002305843,0.00104208,19.33200645,2
2322.3362,51.18907166,0.002756194,0.00109931,24.55587006,2
2322.8362,45.56695175,0.003231625,0.00113847,31.25606918,2
2323.3362,42.75693131,0.00350135,0.00115822,35.32894898,2
2323.8362,41.31692505,0.003670859,0.00116817,38.10851288,2
2324.3362,40.61349487,0.003643077,0.00117304,37.19191742,2
2324.8362,40.26891327,0.003519179,0.0011751,34.57148743,2
2325.3362,40.17050171,0.003078163,0.00117546,26.43176079,2
2325.8362,40.19202423,0.002482652,0.00117841,17.09934807,2
2326.3362,39.53479385,0.001862081,0.00118605,9.48354435,2
2326.8362,38.54688263,0.001229302,0.00119182,4.089344502,0
2327.3362,38.29116821,0.000962673,0.00119254,2.504477263,0
2327.8362,38.39216995,0.000874428,0.00119094,2.072479725,0
2328.3362,38.63712692,0.000820265,0.00118833,1.832512617,0
2328.8362,38.9522171,0.000782707,0.00118086,1.691848874,0
2329.3362,40.24740219,0.000731905,0.00116661,1.519403815,0
2329.8362,42.0200882,0.000674652,0.00114997,1.332444549,0
2330.3362,43.82901382,0.000969514,0.00113308,2.842727661,0
2330.8362,45.65558624,0.001435923,0.0011042,6.600203514,2
2331.3362,50.04752731,0.001736994,0.0010576,10.61914444,2
2331.8362,55.68928528,0.001957514,0.00100086,15.22609234,2
2332.3362,62.26126862,0.002010258,0.00093771,18.53330612,1
2332.8362,69.28644562,0.001981263,0.00088721,20.33415985,2
2333.3362,73.13196564,0.001575291,0.00085869,13.81278896,2
2333.8362,75.4283905,0.00098566,0.00086104,5.375302315,2
2334.3362,72.62682343,0.002895948,0.0008986,42.2411232,2
2334.8362,67.34157562,0.006024166,0.00095496,159.8918915,1
2335.3362,60.49404144,0.007969266,0.0010221,240.9634552,1
2335.8362,52.88538742,0.009337964,0.00107563,295.6963806,2
2336.3362,48.96974564,0.009858866,0.00110364,311.4824829,2
2336.8362,46.85329437,0.009966732,0.00111352,312.1547241,2
2337.3362,46.84423065,0.007808176,0.00110883,193.3731842,2
2337.8362,47.86185455,0.004545445,0.00109464,67.41490936,2
2338.3362,49.89886856,0.002679184,0.00107341,24.45235062,2
2338.8362,52.43250656,0.001493266,0.00105523,7.88697958,2
2339.3362,53.81237412,0.001015111,0.00104503,3.723436356,0
2339.8362,54.63014221,0.000881769,0.00103154,2.890950441,0
2340.3362,56.71663666,0.001169244,0.00100929,5.333043575,2
2340.8362,59.42124176,0.001661735,0.00099294,11.16587639,1
2341.3362,60.23532105,0.001765374,0.00098965,12.69445038,1
2341.8362,60.12836075,0.00167957,0.00098918,11.50244808,1
2342.3362,60.33717346,0.002402413,0.00098653,23.67297173,1
2342.8362,60.6998291,0.00351922,0.00099401,49.96124268,1
2343.3362,58.72686768,0.003677393,0.00101762,51.80738831,1
2343.8362,55.6160202,0.003368531,0.00103405,41.96523666,2
2344.3362,55.19012833,0.003895735,0.00103193,56.38300705,2
2344.8362,56.0723114,0.004830259,0.00102664,87.66390991,2
2345.3362,56.33010101,0.004522224,0.00102566,77.00105286,2
2345.8362,56.28368378,0.003608829,0.00101404,50.28186798,2
2346.3362,58.83127976,0.003272142,0.0009845,44.11536026,1
2346.8362,62.64264298,0.003216422,0.00095963,45.09388351,1
2347.3362,64.18312073,0.002575401,0.00095046,29.52807427,1
2347.8362,64.61725617,0.001649228,0.0009412,12.3725996,1
2348.3362,66.17613983,0.001249938,0.00092418,7.397968769,1
2348.8362,68.2829895,0.001107339,0.00090645,6.059057236,2
2349.3362,69.99248505,0.000935444,0.00089147,4.4854002,2
2349.8362,71.50839233,0.000749277,0.00086986,3.037356854,0
2350.3362,74.64498138,0.000631638,0.00083706,2.348942995,0
2350.8362,78.57113648,0.000547387,0.00080844,1.904421568,0
2351.3362,80.80504608,0.000466005,0.00079152,1.445989013,0
2351.8362,82.21451569,0.000386022,0.00078481,1.010979056,0
2352.3362,82.25151062,0.000318678,0.00078757,0.683705151,0
2352.8362,81.61984253,0.000257492,0.00079879,0.432689846,0
2353.3362,79.83441925,0.000222189,0.00081799,0.305773854,0
2353.8362,77.48688507,0.000199496,0.00083744,0.234083161,0
2354.3362,75.64743805,0.000191975,0.00085337,0.207962349,0
2354.8362,74.05551148,0.000191844,0.00086882,0.19964233,0
2355.3362,72.32382965,0.000249951,0.00088522,0.325235993,0
2355.8362,70.52404785,0.000336431,0.00090228,0.564990163,0
2356.3362,68.64948273,0.000598852,0.00091987,1.715699196,0
2356.8362,66.73848724,0.00094699,0.00094115,4.079826355,1
2357.3362,64.06655121,0.001164933,0.0009677,5.807267666,2
2357.8362,61.02390289,0.001319445,0.00099252,7.046221733,2
2358.3362,58.72262192,0.001462086,0.00101222,8.285926819,2
2358.8362,56.78252792,0.001598943,0.00102858,9.566265106,2
2359.3362,55.20149612,0.001756127,0.00104245,11.20444489,2
2359.8362,53.79539108,0.001923213,0.00104656,13.32213211,2
2360.3362,54.31627274,0.002013277,0.00103736,14.88545895,2
2360.8362,55.7759552,0.002065817,0.00102154,16.21144676,2
2361.3362,57.72288513,0.00200441,0.00100236,15.91185665,2
2361.8362,59.90719986,0.00188749,0.00097992,14.83029079,2
2362.3362,62.55223465,0.00154932,0.0009543,10.59193897,2
2362.8362,65.42171478,0.001103361,0.00092762,5.717690945,2
2363.3362,68.29663086,0.000846548,0.0009009,3.589337826,0
2363.8362,71.17418671,0.000681884,0.00087042,2.511991024,0
2364.3362,74.8591919,0.000558061,0.00083437,1.84660852,0
2364.8362,78.93757629,0.000454135,0.00079547,1.358308196,0
2365.3362,83.23246002,0.000351989,0.00075508,0.915112078,0
2365.8362,87.6328125,0.00025071,0.00071842,0.517978072,0
2366.3362,91.12445831,0.000253015,0.00068804,0.580150724,0
2366.8362,94.17339325,0.000305784,0.00067486,0.884215653,0
2367.3362,93.96361542,0.000343371,0.00068418,1.081811667,0
2367.8362,92.16624451,0.000373562,0.00070911,1.183462381,0
2368.3362,88.59674835,0.000468112,0.00074628,1.660789967,0
2368.8362,84.16388702,0.000594017,0.00079771,2.309607267,0
2369.3362,77.52533722,0.000591854,0.00086437,1.921717525,0
2369.8362,69.81221771,0.000527298,0.00092533,1.312983632,0
2370.3362,64.40008545,0.00074645,0.0009704,2.369786739,1
2370.8362,60.10896683,0.001103821,0.00099946,4.856383801,1
2371.3362,58.14440918,0.001213391,0.00101244,5.704127789,1
2371.8362,57.31332398,0.001202237,0.0010017,5.732676983,2
2372.3362,60.45783997,0.001182952,0.00096349,6.046033382,1
2372.8362,65.53921509,0.001159706,0.00092113,6.414897442,1
2373.3362,69.5774765,0.000891476,0.00088597,4.129496098,0
2373.8362,73.10754395,0.000503892,0.00086658,1.385149002,0
2374.3362,73.75341797,0.001147086,0.00086711,7.168509483,2
2374.8362,72.99414825,0.002292462,0.00088468,27.39521217,2
2375.3362,69.96913147,0.002943014,0.00091791,41.63173294,2
2375.8362,65.84027863,0.003352493,0.00095739,49.24251556,1
2376.3362,61.4681015,0.00353545,0.00099856,49.91904831,1
2376.8362,56.97739029,0.003608048,0.00102993,48.56996536,2
2377.3362,54.7164917,0.003131229,0.00104589,35.36392975,2
2377.8362,53.54192352,0.00238674,0.00106135,19.89396858,2
2378.3362,51.38573074,0.001993974,0.0010836,13.26560879,2
2378.8362,48.751297,0.001772563,0.00110355,10.07072735,2
2379.3362,47.09218216,0.002044638,0.00111676,13.05332279,2
2379.8362,45.90823364,0.002557134,0.00112986,19.89998245,2
2380.3362,44.27111816,0.002839657,0.00114609,23.78212166,2
2380.8362,42.41322327,0.003010141,0.00115265,26.38998985,2
2381.3362,42.85902786,0.003052521,0.0011433,27.62897873,2
2381.8362,44.42716599,0.00303249,0.00112474,28.26728439,2
2382.3362,46.85449982,0.002654908,0.00110024,22.74188805,2
2382.8362,49.70042801,0.00210313,0.00107678,14.96417236,2
2383.3362,51.90647125,0.001549566,0.00105774,8.44863987,2
2383.8362,53.80076981,0.000995133,0.00103943,3.620868444,0
2384.3362,55.84906387,0.000847751,0.00102005,2.738853693,0
2384.8362,57.97238922,0.000898678,0.0010051,3.179418564,0
2385.3362,59.06676483,0.000934614,0.00099726,3.498535156,1
2385.8362,59.65985107,0.000963247,0.00099041,3.772958994,1
2386.3362,60.54043961,0.001916612,0.00098158,15.23463059,1
2386.8362,61.56109619,0.003320496,0.00098253,45.62944031,1
2387.3362,60.33633423,0.004228088,0.00099898,71.32849884,1
2387.8362,58.01763535,0.004893893,0.00102171,90.94694519,1
2388.3362,55.44480896,0.00519316,0.00104619,97.21207428,2
2388.8362,52.74817658,0.005313854,0.0010655,97.769104,2
2389.3362,51.28651047,0.004428961,0.00107629,66.42922211,2
2389.8362,50.42650986,0.003054158,0.00107441,31.71092415,2
2390.3362,51.69006348,0.002078178,0.00105787,15.19198036,2
2390.8362,53.9881897,0.0012965,0.00103256,6.236358166,2
2391.3362,57.13842773,0.001299466,0.00100137,6.702270031,2
2391.8362,60.70380402,0.001684703,0.0009693,12.10147953,1
2392.3362,64.04051971,0.001830681,0.00093882,15.33007622,1
2392.8362,67.26583099,0.001860096,0.00091522,16.73842812,1
2393.3362,69.12419891,0.001800406,0.00090105,16.22905922,2
2393.8362,70.31660461,0.001697305,0.00088597,14.96918106,2
2394.3362,72.37140656,0.001335087,0.00086492,9.765000343,2
2394.8362,74.84635162,0.000846631,0.00084767,4.10477066,0
2395.3362,76.08408356,0.000577751,0.00083897,1.955418468,0
2395.8362,76.71904755,0.000415847,0.00082918,1.039537787,0
2396.3362,78.19269562,0.0003554,0.0008136,0.791644871,0
2396.8362,80.07493591,0.000344381,0.00081655,0.737421155,0
2397.3362,77.556633,0.000300064,0.00084989,0.512658656,0
2397.8362,72.8944397,0.000239524,0.00089097,0.294440895,0
2398.3362,68.71482849,0.001788578,0.00092871,14.98578739,2
2398.8362,64.77033234,0.004121807,0.00097098,72.16270447,1
2399.3362,59.61304855,0.005382731,0.00102164,110.0398331,1
2399.8362,53.86491013,0.00612124,0.0010551,132.5661926,2
2400.3362,52.40938568,0.006425091,0.00105891,144.900116,2
2400.8362,53.04516983,0.006517182,0.00105267,151.0346985,2
2401.3362,53.75196457,0.005055649,0.00104594,92.18048096,2
2401.8362,54.49335861,0.002837208,0.00103098,29.9662056,2
2402.3362,56.97349167,0.001637023,0.00100401,10.57513714,2
2402.8362,60.3007164,0.000932921,0.0009725,3.68410635,0
2403.3362,63.75690842,0.00067278,0.00094009,2.064300537,0
2403.8362,67.27593231,0.000628931,0.00090179,1.976854205,0
2404.3362,72.00358582,0.00055206,0.00085513,1.711989284,0
2404.8362,77.32008362,0.000459099,0.00081493,1.316279173,0
2405.3362,80.65922546,0.000399394,0.00078839,1.071452975,0
2405.8362,83.03502655,0.000355891,0.00076904,0.898559809,0
2406.3362,84.82302094,0.00036415,0.00075376,0.983213723,0
2406.8362,86.32463837,0.000397627,0.00074757,1.193759203,0
2407.3362,86.15764618,0.000406596,0.0007529,1.228867292,0
2407.8362,85.17771912,0.000403627,0.00075636,1.198829293,0
2408.3362,85.41360474,0.000399717,0.00075141,1.192820787,0
2408.8362,86.24182129,0.000395348,0.00075003,1.171618938,0
2409.3362,85.7103653,0.000347186,0.00075804,0.882675827,0
2409.8362,84.51648712,0.000277688,0.00076841,0.548035085,0
2410.3362,83.47697449,0.000246458,0.00077772,0.420410812,0
2410.8362,82.51267242,0.000233872,0.00078476,0.37113744,0
2411.3362,81.96205902,0.000254278,0.00078895,0.433618337,0
2411.8362,81.61299896,0.000290757,0.0007938,0.559364677,0
2412.3362,80.91675568,0.000288016,0.00080105,0.537999272,0
2412.8362,80.05136871,0.000266168,0.00080985,0.448559821,0
2413.3362,79.02250671,0.000271044,0.00081978,0.452842027,0
2413.8362,77.91400909,0.000288941,0.0008354,0.493686318,0
2414.3362,75.65930176,0.000379821,0.00085894,0.802490115,0
2414.8362,72.84617615,0.000506257,0.00088684,1.32887125,0
2415.3362,69.65462494,0.000591936,0.00091734,1.686486125,0
2415.8362,66.27870941,0.000657758,0.0009478,1.938009739,1
2416.3362,63.0953064,0.000768344,0.00097694,2.474010468,1
2416.8362,60.00569153,0.000900737,0.00099777,3.24585247,1
2417.3362,58.61020279,0.000895295,0.0010069,3.143127918,1
2417.8362,58.04006958,0.000822701,0.0010028,2.678010702,1
2418.3362,59.49144745,0.000755035,0.00098474,2.347616911,1
2418.8362,61.92767716,0.000689771,0.00096184,2.063400507,1
2419.3362,64.42237854,0.00059417,0.00093854,1.615940571,1
2419.8362,66.94556427,0.00048379,0.00091957,1.120538592,1
2420.3362,68.50592041,0.000487926,0.00090726,1.174081445,0
2420.8362,69.59721375,0.000547854,0.00090338,1.494217515,0
2421.3362,69.3403244,0.000587041,0.00090882,1.693110824,0
2421.8362,68.42660523,0.000616124,0.0009199,1.815962195,0
2422.3362,66.95409393,0.00098184,0.00093485,4.450913906,1
2422.8362,65.20935059,0.00151156,0.00095804,9.995544434,1
2423.3362,61.96183014,0.002122909,0.0009916,18.27773476,1
2423.8362,57.98217773,0.002774028,0.00103172,28.60128403,2
2424.3362,53.32669449,0.003136082,0.00107649,33.29298019,2
2424.8362,48.34195328,0.003357307,0.00112073,34.92045212,2
2425.3362,43.80271912,0.005027291,0.00116189,72.32775879,2
2425.8362,39.48052597,0.007403093,0.00118981,148.8592072,2
2426.3362,37.79127884,0.008297522,0.00119954,183.6810608,2
2426.8362,37.38476181,0.008470243,0.00118429,196.8720398,2
2427.3362,41.07446289,0.008361478,0.00114075,208.3277283,2
2427.8362,46.7597847,0.008115577,0.00108299,220.0214386,2
2428.3362,53.51071549,0.006063361,0.00101786,140.7709656,2
2428.8362,60.78079987,0.003131131,0.00095639,43.05320358,1
2429.3362,66.74391937,0.001849936,0.00090395,17.01358032,1
2429.8362,72.07028961,0.001373105,0.00086202,10.40565777,2
2430.3362,75.77126312,0.001333906,0.00083132,10.63555527,2
2430.8362,78.68036652,0.001507915,0.00079755,14.8897152,2
2431.3362,83.04164887,0.001556445,0.00075375,17.96253395,2
2431.8362,88.11042023,0.001543843,0.00070103,20.72935104,2
2432.3362,94.39266205,0.001182535,0.00063993,14.86403084,2
2432.8362,101.2660904,0.000651342,0.00058606,5.472000599,1
2433.3362,105.9881363,0.00033995,0.00054706,1.734417439,1
2433.8362,109.6620636,0.000135642,0.00052823,0.298248529,1
2434.3362,110.0420609,8.50E-05,0.00053216,0.115353368,1
2434.8362,108.8173218,0.00010934,0.00055338,0.174947962,1
2435.3362,105.472908,0.000151806,0.00058925,0.293708563,1
2435.8362,101.0958176,0.000203124,0.00062049,0.469361872,1
2436.3362,98.74850464,0.000226673,0.0006377,0.550353587,0
2436.8362,97.39006043,0.000236691,0.00064583,0.583584786,0
2437.3362,96.99622345,0.000216501,0.0006473,0.485834926,0
2437.8362,97.07231903,0.000181594,0.00065216,0.336221159,0
2438.3362,95.95119476,0.000191961,0.00066528,0.359596998,0
2438.8362,94.24678803,0.000224385,0.00070013,0.439129561,0
2439.3362,88.44779205,0.000292436,0.00076327,0.616834104,0
2439.8362,80.65396118,0.000377844,0.00083013,0.856058538,0
2440.3362,74.05425263,0.000631588,0.00088874,2.058559656,0
2440.8362,68.03630829,0.000967344,0.00092686,4.402813911,2
2441.3362,65.84784699,0.001095381,0.00093852,5.492303371,2
2441.8362,65.52506256,0.001122221,0.00092123,6.005468845,2
2442.3362,69.57051849,0.001121118,0.00087377,6.733309746,2
2442.8362,75.74412537,0.0011064,0.00083078,7.327493191,2
2443.3362,78.8252182,0.000916237,0.00080915,5.325392723,2
2443.8362,80.3996582,0.000640598,0.00080844,2.60822916,0
2444.3362,78.97573853,0.000903958,0.00082846,4.921517849,2
2444.8362,76.09104919,0.001429912,0.0008661,11.16783524,2
2445.3362,70.87372589,0.001878359,0.00091984,16.8806839,2
2445.8362,64.51996613,0.002289044,0.0009689,22.36117554,1
2446.3362,60.31150818,0.002559482,0.00100314,25.90053368,1
2446.8362,57.1482048,0.002761593,0.00102955,28.47705078,2
2447.3362,54.62678909,0.002460675,0.00105152,21.58290482,2
2447.8362,52.41809082,0.001914687,0.00106728,12.64687443,2
2448.3362,51.23514557,0.0014768,0.00107594,7.391110897,2
2448.8362,50.55193329,0.001091578,0.00107687,4.030422211,0
2449.3362,51.03545761,0.000872741,0.00106974,2.61431694,0
2449.8362,52.08739853,0.000734963,0.00104963,1.933084726,0
2450.3362,55.36501694,0.000675565,0.00101414,1.761647582,0
2450.8362,59.72695923,0.000654353,0.00097158,1.816234112,1
2451.3362,64.52879334,0.000615341,0.00092597,1.785326839,1
2451.8362,69.54493713,0.000567655,0.00089418,1.640718341,0
2452.3362,71.37503052,0.000634396,0.00088438,2.099499941,0
2452.8362,71.65292358,0.000756885,0.00089359,2.921162605,0
2453.3362,69.39259338,0.001469446,0.00092033,10.31884575,2
2453.8362,65.89567566,0.002469482,0.00095872,26.63727379,1
2454.3362,61.12781906,0.003113737,0.00100589,38.1024437,1
2454.8362,55.74077225,0.003584661,0.00104291,46.63940811,2
2455.3362,53.15738678,0.003835718,0.00106056,51.46544647,2
2455.8362,51.93991089,0.003979658,0.00105952,55.52024078,2
2456.3362,53.38176346,0.003414403,0.00104011,42.56523132,2
2456.8362,56.11920929,0.002503634,0.00100639,24.60684776,2
2457.3362,60.64056015,0.001860818,0.00096035,15.06824684,1
2457.8362,66.03101349,0.001348544,0.0009212,8.672643662,1
2458.3362,69.07086182,0.000954679,0.00089828,4.594190598,2
2458.8362,70.9655304,0.000618502,0.00089823,1.928544045,0
2459.3362,69.0803833,0.000654685,0.0009243,2.028973341,0
2459.8362,65.35375977,0.000872278,0.0009621,3.297804117,1
2460.3362,60.94310761,0.001137747,0.00100462,5.101374626,1
2460.8362,56.19920731,0.001426541,0.00103297,7.543542385,2
2461.3362,54.83834839,0.00153042,0.00103796,8.590605736,2
2461.8362,55.12566376,0.00154421,0.00102246,9.040467262,2
2462.3362,58.175354,0.001338891,0.00098788,7.330627918,1
2462.8362,62.57084656,0.001026825,0.00095305,4.66592741,1
2463.3362,65.6738739,0.000762442,0.00092715,2.733275652,1
2463.8362,68.14723206,0.00052129,0.00091326,1.320843458,1
2464.3362,68.66368866,0.000424002,0.00091289,0.874610841,0
2464.8362,68.22677612,0.000396802,0.00091819,0.756303489,1
2465.3362,67.52372742,0.00037129,0.00092532,0.651005507,1
2465.8362,66.69102478,0.000346601,0.00092872,0.562746048,1
2466.3362,66.79019928,0.000363182,0.00092569,0.622335255,1
2466.8362,67.34337616,0.00039987,0.00092418,0.757134259,1
2467.3362,67.11650848,0.000495116,0.00092805,1.150156975,1
2467.8362,66.50962067,0.000618891,0.00093629,1.762487292,1
2468.3362,65.34265137,0.00070171,0.0009484,2.20259285,1
2468.8362,63.9028244,0.000764576,0.00096135,2.538057566,1
2469.3362,62.55498886,0.000753375,0.00097367,2.396163464,1
